Trait,Stratum,Feature,Total width (bp),Proportion of SNPs,Coefficient,Coefficient_std_error,Coefficient_z-score,Coefficient_p,Coefficient_holm,Proportion of h2,Proportion of h2 standard error,Enrichment,Enrichment_std_error
ADHD,Brain-linked (sig),CG-DMRs (NeuN+),11864925,0.00411686434612,2.47964799409e-7,1.21107808739e-7,2.04747160394,0.020305901089274242,0.08122360435709697,0.0639414858873,0.024507475009,15.5315989334,5.95294693936
Alzheimers disease,Brain-linked (non-sig),CG-DMRs (NeuN+),11864925,0.00411686434612,2.23624920885e-7,1.50838452584e-7,1.48254584328,0.0690975575034614,0.345487787517307,0.0999686664005,0.0626921060752,24.2827205358,15.2281204345
Anorexia nervosa,Brain-linked (non-sig),CG-DMRs (NeuN+),11864925,0.00411686434612,2.25892692814e-7,4.74466603319e-7,0.476098193707,0.3170022118982816,1,0.0380699656725,0.0559747108589,9.24732089081,13.5964428635
Anxiety disorder,Brain-linked (non-sig),CG-DMRs (NeuN+),11864925,0.00411686434612,5.95256247393e-7,4.10637017324e-7,1.44959227317,0.07358612599909424,0.3679306299954712,0.258377374212,0.199121379921,62.7607209005,48.3672434114
Autism spectrum disorder,Brain-linked (non-sig),CG-DMRs (NeuN+),11864925,0.00411686434612,3.30950818752e-7,4.95096766122e-7,0.668456837933,0.2519210123222173,1,0.0342375658932,0.0321281404201,8.31641827729,7.80403183563
Bipolar disorder,Brain-linked (sig),CG-DMRs (NeuN+),11864925,0.00411686434612,5.49750859148e-7,7.03800807926e-7,0.78111711859,0.21736680723142685,1,0.0489043261688,0.0445156905138,11.8790229789,10.8130088269
BMI,Brain-linked (sig),CG-DMRs (NeuN+),11864925,0.00411686434612,6.55181618373e-8,5.95382407739e-8,1.1004383231,0.13557059432458488,0.6778529716229243,0.021940980745,0.0103209186217,5.32953697289,2.50698535438
Childhood cognitive performance,Brain-linked (non-sig),CG-DMRs (NeuN+),11864925,0.00411686434612,2.16607593348e-7,4.83361593216e-7,0.44812743997,0.32703061279340073,1,0.0364958224053,0.0666651526797,8.8649562718,16.1931866282
Cigarettes per day,Brain-linked (non-sig),CG-DMRs (NeuN+),11864925,0.00411686434612,-3.556518404e-7,1.52585448606e-7,-2.33083720399,0.9901190272325483,1,-0.13466476469,0.0681071764562,-32.7105178525,16.5434589848
College attainment,Brain-linked (sig),CG-DMRs (NeuN+),11864925,0.00411686434612,6.12868289375e-8,6.97441975875e-8,0.878737315181,0.18977186059896023,0.5693155817968807,0.036190180386,0.0232038621705,8.7907148119,5.63629505848
Conscientiousness,Brain-linked (non-sig),CG-DMRs (NeuN+),11864925,0.00411686434612,5.76681744885e-7,4.74911152302e-7,1.21429396233,0.11231774519818048,0.44927098079272193,0.202241435664,0.165768200574,49.1251152967,40.2656455587
Coronary artery disease,Non-brain-linked,CG-DMRs (NeuN+),11864925,0.00411686434612,-1.35859591585e-7,8.92375365807e-8,-1.52244892442,0.9360516830158324,1,-0.0255586705076,0.0249988749889,-6.20828581143,6.07230962382
Crohns disease,Non-brain-linked,CG-DMRs (NeuN+),11864925,0.00411686434612,-7.17313955219e-8,5.19696573106e-7,-0.138025531116,0.5548898801246469,1,0.00864201422019,0.0240248814516,2.09917390849,5.83572336414
Depressive symptoms,Brain-linked (sig),CG-DMRs (NeuN+),11864925,0.00411686434612,6.11089447832e-8,4.87150222263e-8,1.25441685112,0.10484526538331267,0.5242263269165633,0.0508677866687,0.0275691550551,12.3559540446,6.69663917419
Epilepsy,Brain-linked (sig),CG-DMRs (NeuN+),11864925,0.00411686434612,2.48508055418e-7,2.10595050316e-7,1.18002799708,0.1189945399605048,0.594972699802524,0.0912972318256,0.0610950907528,22.1764003255,14.8402001174
Ever smoked,Brain-linked (sig),CG-DMRs (NeuN+),11864925,0.00411686434612,1.31908059638e-7,9.63033556455e-8,1.36971405361,0.08538808998990573,0.3415523599596229,0.0670170127177,0.0376055843993,16.2786545981,9.13452113979
Extraversion,Brain-linked (non-sig),CG-DMRs (NeuN+),11864925,0.00411686434612,8.81080842528e-9,1.01617009167e-7,0.086706039643,0.4654525877800032,1,0.0402952079185,0.150645407593,9.78783961062,36.5922690008
Focal epilepsy,Brain-linked (sig),CG-DMRs (NeuN+),11864925,0.00411686434612,1.75349399222e-7,2.16665949777e-7,0.809307597257,0.20916911867585233,0.6807069288498319,0.127814257135,0.146119451271,31.0465068531,35.4928992034
Generalized epilepsy,Brain-linked (sig),CG-DMRs (NeuN+),11864925,0.00411686434612,2.54003350039e-7,4.0212662185e-7,0.631650172452,0.2638077470402542,1,0.0316785289792,0.0366822036924,7.69481972584,8.91022890443
Height,Non-brain-linked,CG-DMRs (NeuN+),11864925,0.00411686434612,-1.00379653045e-7,1.17407792551e-7,-0.854965849067,0.8037149729239059,1,0.00426319998265,0.00859767286951,1.03554541132,2.08840324739
Intracarebral hemorrhage,Brain-linked (non-sig),CG-DMRs (NeuN+),11864925,0.00411686434612,6.48141761538e-7,2.00019841721e-6,0.324038733339,0.3729543549867019,1,0.0492723529093,0.169067392386,11.9684178945,41.067030189
IQ,Brain-linked (sig),CG-DMRs (NeuN+),11864925,0.00411686434612,1.99312694348e-7,1.19269602878e-7,1.6711105725,0.04734991973507719,0.18594548142703796,0.0411564368488,0.0165483777532,9.99703497337,4.01965582586
Ischemic stroke,Brain-linked (non-sig),CG-DMRs (NeuN+),11864925,0.00411686434612,-2.73780486695e-7,1.83896663423e-7,-1.48877354052,0.9317264939542164,1,-0.0779088850509,0.0706358556448,-18.9243265021,17.1576835441
Major depressive disorder,Brain-linked (non-sig),CG-DMRs (NeuN+),11864925,0.00411686434612,1.13058362832e-7,4.81941819709e-7,0.234589235067,0.40726378279814557,0.8410081339143081,0.0303939315773,0.0907868638214,7.38278675757,22.0524302451
Neuroticism,Brain-linked (sig),CG-DMRs (NeuN+),11864925,0.00411686434612,1.45983632026e-7,8.30332649158e-8,1.75813431127,0.039362329460219427,0.1574493178408777,0.0539385182383,0.022438855133,13.1018449245,5.45047231254
Openness,Brain-linked (non-sig),CG-DMRs (NeuN+),11864925,0.00411686434612,-3.21147758348e-7,3.71960151356e-7,-0.863392912325,0.8060392624945729,1,-0.0488230985004,0.0888682087558,-11.859292509,21.586382568
PTSD,Brain-linked (non-sig),CG-DMRs (NeuN+),11864925,0.00411686434612,-4.25349282808e-7,4.79056050191e-7,-0.887890430855,0.8127001537215744,1,-0.32854861784,0.870554381742,-79.8055486451,211.460545831
Schizophrenia,Brain-linked (sig),CG-DMRs (NeuN+),11864925,0.00411686434612,7.96361382264e-7,2.83856452008e-7,2.80550741979,0.002511871236893,0.012559356184465001,0.0589152634454,0.0163054774628,14.3107128368,3.96065453995
Subjective well-being,Brain-linked (non-sig),CG-DMRs (NeuN+),11864925,0.00411686434612,2.22049873146e-8,2.47696109022e-8,0.896460885169,0.18500333098699945,0.7400133239479978,0.035405376709,0.0250919998577,8.60008339657,6.09492996322
Years of education,Brain-linked (sig),CG-DMRs (NeuN+),11864925,0.00411686434612,5.89592698346e-8,3.27580407321e-8,1.79984115402,0.035942861821176994,0.14377144728470798,0.0582059324766,0.0235944725279,14.1384139925,5.73117560945
ADHD,Brain-linked (sig),CH-DMRs (NeuN+),39595388,0.0137365483537,3.57289937089e-8,1.8325379433e-8,1.94970007795,0.025605938515521176,0.08122360435709697,0.0526941889421,0.0128479283513,3.8360574713,0.935309804214
Alzheimers disease,Brain-linked (non-sig),CH-DMRs (NeuN+),39595388,0.0137365483537,-1.65729797545e-9,2.22327483811e-8,-0.0745430995324,0.5297108759639816,1,9.05374224411e-4,0.0292526780067,0.0659098778746,2.12955083428
Anorexia nervosa,Brain-linked (non-sig),CH-DMRs (NeuN+),39595388,0.0137365483537,-8.97949789593e-8,7.8714253731e-8,-1.14077152108,0.8730174926164834,1,-0.00670890780869,0.0328355189717,-0.488398368785,2.39037625219
Anxiety disorder,Brain-linked (non-sig),CH-DMRs (NeuN+),39595388,0.0137365483537,7.29381733644e-8,7.69202474652e-8,0.948231132478,0.17150590068771257,0.3679306299954712,0.124632410648,0.109977289044,9.07305150021,8.00618075315
Autism spectrum disorder,Brain-linked (non-sig),CH-DMRs (NeuN+),39595388,0.0137365483537,-1.47802987173e-8,1.11226348208e-7,-0.132884869057,0.5528577832426887,1,0.0247422367573,0.0243652565044,1.80119751485,1.77375392107
Bipolar disorder,Brain-linked (sig),CH-DMRs (NeuN+),39595388,0.0137365483537,-5.75238053264e-8,1.02688583631e-7,-0.560177220217,0.7123207183602803,1,0.0179421049583,0.0207665581669,1.30615817717,1.51177411037
BMI,Brain-linked (sig),CH-DMRs (NeuN+),39595388,0.0137365483537,8.4635882875e-9,1.22991671023e-8,0.688143206538,0.24568130214411665,0.803349650689919,0.0313097764795,0.00692991007024,2.27930450018,0.504487000067
Childhood cognitive performance,Brain-linked (non-sig),CH-DMRs (NeuN+),39595388,0.0137365483537,-7.52320249228e-8,6.97312064498e-8,-1.07888603615,0.8596807327551869,1,-0.0109608964823,0.0325665948959,-0.797936730541,2.37079898511
Cigarettes per day,Brain-linked (non-sig),CH-DMRs (NeuN+),39595388,0.0137365483537,-3.5204750068e-8,3.3026952361e-8,-1.06594001418,0.856774620411438,1,-0.0230984036466,0.0463066169194,-1.68152894394,3.37105186303
College attainment,Brain-linked (sig),CH-DMRs (NeuN+),39595388,0.0137365483537,2.25103138828e-8,1.39644579573e-8,1.61197190408,0.053484026870367955,0.26742013435183976,0.0546212468906,0.0154346318163,3.97634438319,1.1236179147
Conscientiousness,Brain-linked (non-sig),CH-DMRs (NeuN+),39595388,0.0137365483537,4.99202587956e-8,7.75674457074e-8,0.643572291705,0.25992641134389505,0.7797792340316851,0.0923208509604,0.0817130263609,6.72081869354,5.9485850635
Coronary artery disease,Non-brain-linked,CH-DMRs (NeuN+),39595388,0.0137365483537,-2.6616342319e-8,1.91314992663e-8,-1.3912313901,0.9179223643050193,1,-9.20241716593e-4,0.0180541252067,-0.0669922088794,1.31431308229
Crohns disease,Non-brain-linked,CH-DMRs (NeuN+),39595388,0.0137365483537,7.9798111625e-10,7.96372599833e-8,0.0100201980382,0.49600258623764604,1,0.0181140260783,0.0115934880817,1.31867377539,0.843988444779
Depressive symptoms,Brain-linked (sig),CH-DMRs (NeuN+),39595388,0.0137365483537,7.84005815711e-9,9.33937512077e-9,0.839462817986,0.20060482288809078,0.8024192915523631,0.0410130901346,0.0177230949873,2.98569109783,1.29021458163
Epilepsy,Brain-linked (sig),CH-DMRs (NeuN+),39595388,0.0137365483537,1.46181053264e-8,5.48050298996e-8,0.26672926469,0.3948388099958742,1,0.0355017676378,0.0521139228262,2.58447513332,3.79381497333
Ever smoked,Brain-linked (sig),CH-DMRs (NeuN+),39595388,0.0137365483537,8.89046581216e-9,1.94334426976e-8,0.45748280171,0.32366203055165965,0.7193394130294007,0.0431902298257,0.0256188616753,3.14418358336,1.86501448658
Extraversion,Brain-linked (non-sig),CH-DMRs (NeuN+),39595388,0.0137365483537,-2.64953455312e-9,1.77028366737e-8,-0.149667231414,0.5594864187672602,1,0.0471646612593,0.0889714757209,3.43351619671,6.47698922829
Focal epilepsy,Brain-linked (sig),CH-DMRs (NeuN+),39595388,0.0137365483537,8.05189874315e-8,5.099873309e-8,1.57884289575,0.0571860483874096,0.285930241937048,0.176823973114,0.130673482658,12.8725185222,9.51283243021
Generalized epilepsy,Brain-linked (sig),CH-DMRs (NeuN+),39595388,0.0137365483537,-7.56162988661e-8,6.72346188718e-8,-1.12466315917,0.8696341006351719,1,0.00323764002449,0.0200325342021,0.235695310141,1.45833827292
Height,Non-brain-linked,CH-DMRs (NeuN+),39595388,0.0137365483537,-1.2794692509e-8,2.97058449547e-8,-0.430712963341,0.6666614541007628,1,0.0169745732514,0.0069666249921,1.23572332833,0.507159790998
Intracarebral hemorrhage,Brain-linked (non-sig),CH-DMRs (NeuN+),39595388,0.0137365483537,3.74498514377e-7,4.94070663621e-7,0.757985733523,0.22422976172335785,1,0.115961968409,0.144293498966,8.44185638365,10.504349073
IQ,Brain-linked (sig),CH-DMRs (NeuN+),39595388,0.0137365483537,3.93522356428e-8,2.28743065452e-8,1.72036846516,0.042682742716475604,0.18594548142703796,0.0486945588817,0.010558875312,3.54489043593,0.768670195753
Ischemic stroke,Brain-linked (non-sig),CH-DMRs (NeuN+),39595388,0.0137365483537,-2.60469698579e-8,4.03108582456e-8,-0.646152699088,0.7409097654373784,1,0.0037326162261,0.0493525214592,0.271728830998,3.5927891191
Major depressive disorder,Brain-linked (non-sig),CH-DMRs (NeuN+),39595388,0.0137365483537,5.38745983586e-8,1.00571032365e-7,0.535687037227,0.2960874319753115,0.8410081339143081,0.0529610755152,0.0618871350609,3.85548641125,4.50529008214
Neuroticism,Brain-linked (sig),CH-DMRs (NeuN+),39595388,0.0137365483537,1.67912301677e-9,1.22259931884e-8,0.137340418148,0.44538086202437455,0.7894602147798968,0.0290262144467,0.0117712406745,2.11306462871,0.856928565413
Openness,Brain-linked (non-sig),CH-DMRs (NeuN+),39595388,0.0137365483537,2.48394811564e-8,6.73660155135e-8,0.368724214533,0.35616664899820943,1,0.0560571889645,0.0527598810748,4.08087880019,3.84083975947
PTSD,Brain-linked (non-sig),CH-DMRs (NeuN+),39595388,0.0137365483537,-2.56494677387e-7,8.71495201184e-8,-2.94315650894,0.9983755793619807,1,-0.803132370603,1.94248209125,-58.4668251385,141.409766212
Schizophrenia,Brain-linked (sig),CH-DMRs (NeuN+),39595388,0.0137365483537,7.86377937766e-8,4.46508792345e-8,1.76117010739,0.03910480793620436,0.13714857191234553,0.0430528873917,0.0082308030499,3.13418526133,0.599190046725
Subjective well-being,Brain-linked (non-sig),CH-DMRs (NeuN+),39595388,0.0137365483537,9.15569331482e-9,4.67964800524e-9,1.95649187814,0.025203619141529396,0.126018095707647,0.0602207466897,0.0156503589621,4.38397952229,1.13932252551
Years of education,Brain-linked (sig),CH-DMRs (NeuN+),39595388,0.0137365483537,7.30927176258e-9,5.54496288336e-9,1.31818227035,0.09372131957299627,0.2811639587189888,0.0450571991726,0.0135641184684,3.28009613568,0.987447364444
ADHD,Brain-linked (sig),CG-DMRs (NeuN+ vs. NeuN-),69995965,0.0245957292869,9.91980819344e-8,4.45958592476e-8,2.22437875642,0.013061485956583446,0.06530742978291723,0.183738908838,0.0499090401655,7.47035823559,2.02917504838
Alzheimers disease,Brain-linked (non-sig),CG-DMRs (NeuN+ vs. NeuN-),69995965,0.0245957292869,2.58503663168e-8,5.66909486272e-8,0.455987541976,0.3241994683828028,1,0.141969191542,0.130749839155,5.77210742103,5.31595699524
Anorexia nervosa,Brain-linked (non-sig),CG-DMRs (NeuN+ vs. NeuN-),69995965,0.0245957292869,-5.36782982366e-8,2.14200206122e-7,-0.250598723541,0.5989378156479332,1,0.0276998790503,0.140840867684,1.12620686003,5.72623263339
Anxiety disorder,Brain-linked (non-sig),CG-DMRs (NeuN+ vs. NeuN-),69995965,0.0245957292869,2.31414159758e-7,1.73296213608e-7,1.33536766291,0.0908780215043476,0.3679306299954712,0.645782804938,0.429377248178,26.2558917203,17.4573903937
Autism spectrum disorder,Brain-linked (non-sig),CG-DMRs (NeuN+ vs. NeuN-),69995965,0.0245957292869,4.55480263638e-8,2.50297728825e-7,0.181975388181,0.42780102038929524,1,0.0896256868797,0.088728555133,3.64395321783,3.60747811533
Bipolar disorder,Brain-linked (sig),CG-DMRs (NeuN+ vs. NeuN-),69995965,0.0245957292869,1.65713322427e-7,2.60207311383e-7,0.636851138217,0.26211090622438643,1,0.143586592259,0.0911947493333,5.83786683388,3.70774731945
BMI,Brain-linked (sig),CG-DMRs (NeuN+ vs. NeuN-),69995965,0.0245957292869,2.39140643532e-8,2.85155019268e-8,0.838633821511,0.20083741267247976,0.803349650689919,0.082525792576,0.0289976968123,3.35528951443,1.17897284013
Childhood cognitive performance,Brain-linked (non-sig),CG-DMRs (NeuN+ vs. NeuN-),69995965,0.0245957292869,-3.3743966468e-8,1.81606198334e-7,-0.18580845135,0.5737025116346279,1,0.014622162398,0.14222378444,0.594500054358,5.78245852284
Cigarettes per day,Brain-linked (non-sig),CG-DMRs (NeuN+ vs. NeuN-),69995965,0.0245957292869,-5.11705849535e-8,6.62782441506e-8,-0.772057039368,0.779959677389458,1,-0.0405645278602,0.153639576097,-1.64925086738,6.24659567135
College attainment,Brain-linked (sig),CG-DMRs (NeuN+ vs. NeuN-),69995965,0.0245957292869,5.16577222013e-8,3.65435162995e-8,1.41359473396,0.07874046417810059,0.31496185671240234,0.17807913889,0.0643696867691,7.24024633761,2.61710827999
Conscientiousness,Brain-linked (non-sig),CG-DMRs (NeuN+ vs. NeuN-),69995965,0.0245957292869,3.66416899052e-7,1.79786890648e-7,2.03806238448,0.02077184718642138,0.10385923593210691,0.725287923947,0.353250279278,29.4883683053,14.3622608282
Coronary artery disease,Non-brain-linked,CG-DMRs (NeuN+ vs. NeuN-),69995965,0.0245957292869,4.7957260915e-8,4.70031536176e-8,1.02029879325,0.15379338774303744,0.7689669387151872,0.155487208153,0.0732519763743,6.32171570681,2.97823965779
Crohns disease,Non-brain-linked,CG-DMRs (NeuN+ vs. NeuN-),69995965,0.0245957292869,-5.85196174691e-7,1.73192821026e-7,-3.37887085171,0.9996360790426443,1,-0.0760457234298,0.045356696407,-3.09182633062,1.84408829183
Depressive symptoms,Brain-linked (sig),CG-DMRs (NeuN+ vs. NeuN-),69995965,0.0245957292869,2.68156432738e-9,1.85995781062e-8,0.144173395336,0.44268177444095397,1,0.103202921309,0.0580987171647,4.19596914998,2.36214655346
Epilepsy,Brain-linked (sig),CG-DMRs (NeuN+ vs. NeuN-),69995965,0.0245957292869,-6.86667507705e-8,8.62645296189e-8,-0.79600214681399994,0.7869846061995391,1,0.0254899475267,0.14535059669,1.03635664669,5.90958678213
Ever smoked,Brain-linked (sig),CG-DMRs (NeuN+ vs. NeuN-),69995965,0.0245957292869,2.98940971768e-8,4.2282361819e-8,0.707011053564,0.2397798043431336,0.7193394130294007,0.155672906261,0.0896347580529,6.32926572113,3.64432202873
Extraversion,Brain-linked (non-sig),CG-DMRs (NeuN+ vs. NeuN-),69995965,0.0245957292869,1.13478580488e-8,5.29496207327e-8,0.214314246103,0.41515100467048976,1,0.212293829361,0.433584093978,8.63132891426,17.6284300791
Focal epilepsy,Brain-linked (sig),CG-DMRs (NeuN+ vs. NeuN-),69995965,0.0245957292869,4.18463670838e-8,9.83205237957e-8,0.42561171837,0.33519539999259895,0.6807069288498319,0.23777973136,0.358395870507,9.66752108007,14.571467523
Generalized epilepsy,Brain-linked (sig),CG-DMRs (NeuN+ vs. NeuN-),69995965,0.0245957292869,-1.22647604127e-7,1.48457319161e-7,-0.826147237605,0.7956397128999714,1,-0.0112431062975,0.0785450707058,-0.457116199581,3.19344345475
Height,Non-brain-linked,CG-DMRs (NeuN+ vs. NeuN-),69995965,0.0245957292869,-2.8539808311e-8,5.25300220959e-8,-0.543304707904,0.7065399883290089,1,0.0586650317591,0.021658587964,2.3851714692,0.880583279781
Intracarebral hemorrhage,Brain-linked (non-sig),CG-DMRs (NeuN+ vs. NeuN-),69995965,0.0245957292869,-1.71162909849e-6,8.9301955483e-7,-1.91667594426,0.9723604434014113,1,-0.898641017817,0.887679223212,-36.5364656334,36.0907868541
IQ,Brain-linked (sig),CG-DMRs (NeuN+ vs. NeuN-),69995965,0.0245957292869,5.8917538304e-8,5.09561531757e-8,1.15623991672,0.12379151836507656,0.2475830367301531,0.120893710356,0.0384065887524,4.91523178457,1.56151453386
Ischemic stroke,Brain-linked (non-sig),CG-DMRs (NeuN+ vs. NeuN-),69995965,0.0245957292869,2.74736337438e-10,1.01320876168e-7,0.00271154719371,0.4989182505047171,1,0.149330675352,0.197928224792,6.07140669058,8.04725985083
Major depressive disorder,Brain-linked (non-sig),CG-DMRs (NeuN+ vs. NeuN-),69995965,0.0245957292869,9.9888111999e-8,1.71675217056e-7,0.581843516565,0.2803360446381027,0.8410081339143081,0.152928759458,0.173190182827,6.21769566879,7.04147377811
Neuroticism,Brain-linked (sig),CG-DMRs (NeuN+ vs. NeuN-),69995965,0.0245957292869,7.58939289783e-8,3.60136434587e-8,2.1073660338,0.017542931739520384,0.08771465869760192,0.180634029018,0.0522027435982,7.3441216933,2.12243121517
Openness,Brain-linked (non-sig),CG-DMRs (NeuN+ vs. NeuN-),69995965,0.0245957292869,1.98958532705e-8,1.41145128765e-7,0.140960254488,0.44395067054320725,1,0.168333858122,0.17770668764,6.8440279269,7.22510341399
PTSD,Brain-linked (non-sig),CG-DMRs (NeuN+ vs. NeuN-),69995965,0.0245957292869,5.62712681842e-8,2.58716546706e-7,0.217501620598,0.4139087220865016,1,0.589419381454,1.58208571735,23.9642978088,64.3235945109
Schizophrenia,Brain-linked (sig),CG-DMRs (NeuN+ vs. NeuN-),69995965,0.0245957292869,1.70402971786e-7,9.356557918e-8,1.82121431064,0.03428714297808638,0.13714857191234553,0.128151819634,0.0300034709361,5.21032810775,1.21986506625
Subjective well-being,Brain-linked (non-sig),CG-DMRs (NeuN+ vs. NeuN-),69995965,0.0245957292869,6.37743676028e-9,1.11573900221e-8,0.571588583678,0.28380036575722756,0.8514010972716827,0.109803386659,0.0625846374628,4.46432733824,2.54453270049
Years of education,Brain-linked (sig),CG-DMRs (NeuN+ vs. NeuN-),69995965,0.0245957292869,2.75418752414e-8,1.30606919373e-8,2.10876080484,0.017482616692550038,0.08741308346275019,0.1979802333,0.0504134419835,8.04937438493,2.04968274758
ADHD,Brain-linked (sig),DARs (NeuN+),118141333,0.0415251717765,-7.89212086125e-9,2.42465248838e-8,-0.325494927585,0.6275967394970127,0.9311021360773375,0.0901607359792,0.0409629817023,2.17123089736,0.986461463009
Alzheimers disease,Brain-linked (non-sig),DARs (NeuN+),118141333,0.0415251717765,6.10932167069e-9,5.46494306117e-8,0.111791131258,0.45549450983719325,1,0.126526987796,0.186449188771,3.04699492821,4.49002811535
Anorexia nervosa,Brain-linked (non-sig),DARs (NeuN+),118141333,0.0415251717765,-5.62811785473e-8,1.11687601216e-7,-0.503916083203,0.6928398259555797,1,0.0672193050185,0.104232135292,1.61876043236,2.51009522256
Anxiety disorder,Brain-linked (non-sig),DARs (NeuN+),118141333,0.0415251717765,1.02866732409e-7,8.29270434386e-8,1.24044856953,0.10740476291538244,0.3679306299954712,0.577719922737,0.385403607563,13.9125233689,9.2812044135
Autism spectrum disorder,Brain-linked (non-sig),DARs (NeuN+),118141333,0.0415251717765,1.03689361665e-7,1.19118496876e-7,0.870472381576,0.19202115299320743,0.9601057649660372,0.15544351372,0.0641778533698,3.74335630823,1.54551686662
Bipolar disorder,Brain-linked (sig),DARs (NeuN+),118141333,0.0415251717765,-9.49730658287e-8,1.39882580457e-7,-0.678948483212,0.7514147478040532,1,0.113921945271,0.0693682582892,2.74344308276,1.6705110496
BMI,Brain-linked (sig),DARs (NeuN+),118141333,0.0415251717765,1.3307950933e-9,1.86178985067e-8,0.0714793397774,0.4715081334809105,0.803349650689919,0.110201430025,0.0283598849883,2.65384645771,0.682956476157
Childhood cognitive performance,Brain-linked (non-sig),DARs (NeuN+),118141333,0.0415251717765,2.26799649171e-8,1.06097576328e-7,0.213765155643,0.4153650993100682,1,0.110799572036,0.124028807601,2.6682507813,2.98683430543
Cigarettes per day,Brain-linked (non-sig),DARs (NeuN+),118141333,0.0415251717765,2.63953964664e-9,4.13249461286e-8,0.0638727909876,0.4745357588365088,1,0.104079469539,0.136056232049,2.50641875966,3.27647608014
College attainment,Brain-linked (sig),DARs (NeuN+),118141333,0.0415251717765,-1.84137605703e-10,1.81285404801e-8,-0.0101573320756,0.504052119543777,0.879020651584722,0.142059382938,0.05054270168,3.42104263174,1.21715816017
Conscientiousness,Brain-linked (non-sig),DARs (NeuN+),118141333,0.0415251717765,-8.78668838687e-8,8.68672333987e-8,-1.01150779679,0.8441132743308956,1,0.0742335093501,0.23009242537,1.7876749493,5.54103488382
Coronary artery disease,Non-brain-linked,DARs (NeuN+),118141333,0.0415251717765,-2.90568980226e-8,3.00554832046e-8,-0.96677527441,0.8331718062664453,1,0.0711857029923,0.0880066122913,1.71427835086,2.11935576727
Crohns disease,Non-brain-linked,DARs (NeuN+),118141333,0.0415251717765,-1.99686689097e-7,1.49552974596e-7,-1.335223787,0.9090984431038377,1,0.0473287668935,0.0616108617527,1.13976089366,1.4836991424
Depressive symptoms,Brain-linked (sig),DARs (NeuN+),118141333,0.0415251717765,-2.79135645055e-9,1.1474015281e-8,-0.243276340688,0.5961043343452088,1,0.11705773884,0.0560063179614,2.81895856977,1.34873175873
Epilepsy,Brain-linked (sig),DARs (NeuN+),118141333,0.0415251717765,1.36152154282e-8,6.2316604962e-8,0.21848455057,0.4135257972141053,1,0.182466132266,0.151756967055,4.39410902977,3.65457770703
Ever smoked,Brain-linked (sig),DARs (NeuN+),118141333,0.0415251717765,5.1510394198e-8,2.59345306141e-8,1.98617029028,0.02350720927055082,0.1175360463527541,0.315648980592,0.0859751066284,7.60138891877,2.07043349733
Extraversion,Brain-linked (non-sig),DARs (NeuN+),118141333,0.0415251717765,6.93083891289e-9,2.79142608576e-8,0.248290253797,0.40195491964961777,1,0.417403470211,0.378399287293,10.0518180264,9.11252792234
Focal epilepsy,Brain-linked (sig),DARs (NeuN+),118141333,0.0415251717765,5.06358751753e-8,6.70681832003e-8,0.754991007049,0.22512718906312262,0.6807069288498319,0.262413878759,0.384607834263,6.31939297377,9.26204077695
Generalized epilepsy,Brain-linked (sig),DARs (NeuN+),118141333,0.0415251717765,1.48947266741e-7,1.03407283018e-7,1.44039435515,0.07487792990645502,0.3743896495322751,0.22629181177,0.0766256438974,5.44950934793,1.84528180425
Height,Non-brain-linked,DARs (NeuN+),118141333,0.0415251717765,3.99499214889e-8,4.28328708962e-8,0.932693061497,0.17548923418690962,0.7019569367476385,0.127191355136,0.0255952722034,3.06299407552,0.616379682694
Intracarebral hemorrhage,Brain-linked (non-sig),DARs (NeuN+),118141333,0.0415251717765,3.8697190111e-7,5.40793859005e-7,0.715562676363,0.23713071344145487,1,0.290224156377,0.397553054407,6.98911392684,9.57378470455
IQ,Brain-linked (sig),DARs (NeuN+),118141333,0.0415251717765,3.07965022257e-8,2.94149177533e-8,1.04696883683,0.1475569756384057,0.2475830367301531,0.162428562635,0.0348918506061,3.91156871088,0.840257827082
Ischemic stroke,Brain-linked (non-sig),DARs (NeuN+),118141333,0.0415251717765,1.07194731132e-7,5.62568067945e-8,1.90545353068,0.02836057123613997,0.14180285618069985,0.437798609984,0.183031562267,10.5429692703,4.40772558997
Major depressive disorder,Brain-linked (non-sig),DARs (NeuN+),118141333,0.0415251717765,9.16835010973e-8,1.01862664497e-7,0.900069731633,0.18404157136999755,0.7361662854799902,0.213180907324,0.159769738453,5.13377544762,3.84753949514
Neuroticism,Brain-linked (sig),DARs (NeuN+),118141333,0.0415251717765,1.25881752074e-8,1.55178683335e-8,0.811205182106,0.20862392509205302,0.6258717752761591,0.140441077944,0.0391146405722,3.3820709689,0.941950120827
Openness,Brain-linked (non-sig),DARs (NeuN+),118141333,0.0415251717765,6.34743568061e-8,9.85867562934e-8,0.64384263356,0.25983874227858816,1,0.338861329305,0.201867617013,8.16038356515,4.86133129321
PTSD,Brain-linked (non-sig),DARs (NeuN+),118141333,0.0415251717765,-1.05211379381e-7,1.45103136173e-7,-0.725079982116,0.7657985178825428,1,-0.786692584255,1.73799127865,-18.944956772,41.8539214722
Schizophrenia,Brain-linked (sig),DARs (NeuN+),118141333,0.0415251717765,2.23652192868e-9,5.4174810798e-8,0.041283428511,0.48353497196995154,0.9670699439399031,0.121441977864,0.0237247505964,2.92453884401,0.571334195176
Subjective well-being,Brain-linked (non-sig),DARs (NeuN+),118141333,0.0415251717765,8.05237196814e-10,6.42979289156e-9,0.125235324122,0.4501686263846285,0.900337252769257,0.12081188268,0.0585016448944,2.90936503118,1.40882366988
Years of education,Brain-linked (sig),DARs (NeuN+),118141333,0.0415251717765,1.82923925785e-9,7.57928099565e-9,0.241347333461,0.40464296405267464,0.8092859281053493,0.139165219219,0.048490939073,3.35134602136,1.16774806698
ADHD,Brain-linked (sig),DARs (NeuN+ vs. NeuN-),275831870,0.0983238613451,1.7550872817e-9,2.02998221004e-8,0.0864582592409,0.46555106803866875,0.9311021360773375,0.230619712657,0.0610108339979,2.34551114554,0.620508930012
Alzheimers disease,Brain-linked (non-sig),DARs (NeuN+ vs. NeuN-),275831870,0.0983238613451,-4.13951260378e-8,3.05904746257e-8,-1.35320313085,0.9120046273300508,1,0.158018963854,0.202814522549,1.60712732079,2.06271926036
Anorexia nervosa,Brain-linked (non-sig),DARs (NeuN+ vs. NeuN-),275831870,0.0983238613451,3.51852284248e-8,1.00678886804e-7,0.349479712597,0.3633645994182553,1,0.292614748305,0.167867350896,2.97602987009,1.70729005756
Anxiety disorder,Brain-linked (non-sig),DARs (NeuN+ vs. NeuN-),275831870,0.0983238613451,4.89592859265e-9,6.47785895089e-8,0.0755794256986,0.4698768527758219,0.4698768527758219,0.589785841344,0.431641866883,5.99839991306,4.39000117549
Autism spectrum disorder,Brain-linked (non-sig),DARs (NeuN+ vs. NeuN-),275831870,0.0983238613451,3.27368956132e-8,8.59016260733e-8,0.381097507808,0.3515654483072843,1,0.237543415344,0.0809944796957,2.4159284643,0.823752023036
Bipolar disorder,Brain-linked (sig),DARs (NeuN+ vs. NeuN-),275831870,0.0983238613451,-1.13670442073e-7,1.02284051741e-7,-1.11132126797,0.8667849559891393,1,0.281881861031,0.0971605340084,2.86687134918,0.988168412828
BMI,Brain-linked (sig),DARs (NeuN+ vs. NeuN-),275831870,0.0983238613451,8.38914851926e-9,1.31263867444e-8,0.639105694706,0.26137708776687824,0.803349650689919,0.257636037467,0.0322831200199,2.62027989892,0.328334542382
Childhood cognitive performance,Brain-linked (non-sig),DARs (NeuN+ vs. NeuN-),275831870,0.0983238613451,-3.13588627814e-8,7.75602411807e-8,-0.404316210265,0.6570098966801967,1,0.13994921252,0.148183702651,1.42334943528,1.50709807999
Cigarettes per day,Brain-linked (non-sig),DARs (NeuN+ vs. NeuN-),275831870,0.0983238613451,-9.02505981583e-9,3.06285751269e-8,-0.294661432288,0.6158737358734313,1,0.169951805279,0.203530367249,1.72848994084,2.06999973826
College attainment,Brain-linked (sig),DARs (NeuN+ vs. NeuN-),275831870,0.0983238613451,2.06228243975e-9,1.35488547427e-8,0.152210831019,0.439510325792361,0.879020651584722,0.313091444514,0.0683056622707,3.18428751913,0.694700770864
Conscientiousness,Brain-linked (non-sig),DARs (NeuN+ vs. NeuN-),275831870,0.0983238613451,-1.8258834404e-8,8.49705055463e-8,-0.214884380016,0.5850712683147318,1,0.589533221212,0.376322152782,5.99583064728,3.82737361647
Coronary artery disease,Non-brain-linked,DARs (NeuN+ vs. NeuN-),275831870,0.0983238613451,-8.72310192889e-9,2.42886262812e-8,-0.359143486663,0.6402561244565714,1,0.2899005559,0.107421183548,2.9484252544,1.09252405346
Crohns disease,Non-brain-linked,DARs (NeuN+ vs. NeuN-),275831870,0.0983238613451,3.99337037488e-8,1.77854393581e-7,0.224530319126,0.4111723389178664,1,0.300838544181,0.0961731996677,3.05966974919,0.978126757351
Depressive symptoms,Brain-linked (sig),DARs (NeuN+ vs. NeuN-),275831870,0.0983238613451,-4.77354291683e-9,8.29070210741e-9,-0.575770647044,0.7176148918658811,1,0.250735008595,0.0715069517864,2.55009318354,0.727259393683
Epilepsy,Brain-linked (sig),DARs (NeuN+ vs. NeuN-),275831870,0.0983238613451,6.22851046825e-9,4.46811140826e-8,0.139399175606,0.44456736188555723,1,0.360660982787,0.183075714654,3.66809213809,1.86196628315
Ever smoked,Brain-linked (sig),DARs (NeuN+ vs. NeuN-),275831870,0.0983238613451,1.41842557534e-8,2.11541680536e-8,0.67051825047,0.25126373810609215,0.7193394130294007,0.397348428742,0.119255324207,4.04122075055,1.21288284019
Extraversion,Brain-linked (non-sig),DARs (NeuN+ vs. NeuN-),275831870,0.0983238613451,7.74524886961e-10,2.05913779745e-8,0.0376140386485,0.4849977073102269,1,0.693308580553,0.514239308249,7.05127495064,5.23005607402
Focal epilepsy,Brain-linked (sig),DARs (NeuN+ vs. NeuN-),275831870,0.0983238613451,4.39296237561e-8,4.60735607411e-8,0.953467087185,0.17017673221245797,0.6807069288498319,0.360484685461,0.42898064161,3.66629911122,4.36293526049
Generalized epilepsy,Brain-linked (sig),DARs (NeuN+ vs. NeuN-),275831870,0.0983238613451,-1.70580836693e-8,6.91725417643e-8,-0.246601949766,0.5973918522754708,1,0.250725382882,0.100726364527,2.5499952855,1.02443458942
Height,Non-brain-linked,DARs (NeuN+ vs. NeuN-),275831870,0.0983238613451,7.27305391969e-8,4.08356156958e-8,1.78105651054,0.037451609696086026,0.18725804848043012,0.316973169913,0.0407663530472,3.2237664955,0.414613019562
Intracarebral hemorrhage,Brain-linked (non-sig),DARs (NeuN+ vs. NeuN-),275831870,0.0983238613451,-5.8164904079e-7,4.15332854573e-7,-1.40044071733,0.9193093078998816,1,-0.504960181026,0.787438307964,-5.13568297785,8.00861863226
IQ,Brain-linked (sig),DARs (NeuN+ vs. NeuN-),275831870,0.0983238613451,3.47163067911e-8,1.94567604213e-8,1.78427991297,0.03718909628540759,0.18594548142703796,0.334290145303,0.043014502669,3.39988829497,0.437477760541
Ischemic stroke,Brain-linked (non-sig),DARs (NeuN+ vs. NeuN-),275831870,0.0983238613451,4.72259415051e-8,4.33086044309e-8,1.09045170413,0.13775710834232804,0.5510284333693122,0.490322485167,0.237339810432,4.98681071369,2.41385770641
Major depressive disorder,Brain-linked (non-sig),DARs (NeuN+ vs. NeuN-),275831870,0.0983238613451,1.03918050628e-7,7.43505819379e-8,1.39767635867,0.08110513835885162,0.4055256917942581,0.402430843981,0.215399005226,4.09291130836,2.19070937898
Neuroticism,Brain-linked (sig),DARs (NeuN+ vs. NeuN-),275831870,0.0983238613451,2.91944203808e-9,1.09337640224e-8,0.267011619429,0.3947301073899484,0.7894602147798968,0.248947653481,0.0480514202635,2.53191493983,0.488705585868
Openness,Brain-linked (non-sig),DARs (NeuN+ vs. NeuN-),275831870,0.0983238613451,1.98188652831e-8,7.17476808772e-8,0.27623004731,0.3911856901404441,1,0.52606254773,0.262696257752,5.35030399064,2.67174472359
PTSD,Brain-linked (non-sig),DARs (NeuN+ vs. NeuN-),275831870,0.0983238613451,8.05872207137e-9,1.00811208766e-7,0.0799387505617,0.46814298496926404,1,-0.0525923109778,1.29290607908,-0.534888584096,13.1494640405
Schizophrenia,Brain-linked (sig),DARs (NeuN+ vs. NeuN-),275831870,0.0983238613451,-7.62381558537e-8,3.43338411741e-8,-2.22049596685,0.9868074404216279,0.9868074404216279,0.218464157244,0.0257287962627,2.2218834193,0.261673981379
Subjective well-being,Brain-linked (non-sig),DARs (NeuN+ vs. NeuN-),275831870,0.0983238613451,-1.21707225892e-9,5.84362868415e-9,-0.208273373396,0.5824922396372846,0.900337252769257,0.23437722758,0.0811890056989,2.38372684284,0.825730444149
Years of education,Brain-linked (sig),DARs (NeuN+ vs. NeuN-),275831870,0.0983238613451,1.38736787492e-9,5.89064245272e-9,0.235520639056,0.4069023308409534,0.8092859281053493,0.292482211048,0.0641958846804,2.97468190373,0.652902396247
